"Designator","Comment","Footprint","JLCPCB Parts#"
"C1","8.2n","Capacitor_SMD:C_0603_1608Metric",""
"C2","18p","Capacitor_SMD:C_0603_1608Metric",""
"C3","3.3n","Capacitor_SMD:C_0603_1608Metric",""
"C4","220u","Capacitor_THT:CP_Radial_D10.0mm_P5.00mm",""
"C5","220u","Capacitor_THT:CP_Radial_D10.0mm_P5.00mm",""
"C6","100n","Capacitor_SMD:C_0603_1608Metric",""
"C7","100n","Capacitor_SMD:C_0603_1608Metric",""
"C8","OS-CON 220uF16V105â„ƒ","Capacitor_THT:CP_Radial_D8.0mm_P3.50mm",""
"C9","1u","Capacitor_SMD:C_0603_1608Metric",""
"C10","100n","Capacitor_SMD:C_0603_1608Metric",""
"C11","100n","Capacitor_SMD:C_0603_1608Metric",""
"C12","10u","Capacitor_SMD:C_0805_2012Metric",""
"C13","100n","Capacitor_SMD:C_0603_1608Metric",""
"C14","100n","Capacitor_SMD:C_0603_1608Metric",""
"C15","1u","Capacitor_SMD:C_0603_1608Metric",""
"C16","100n","Capacitor_SMD:C_0603_1608Metric",""
"C17","100n","Capacitor_SMD:C_0603_1608Metric",""
"C18","100n","Capacitor_SMD:C_0603_1608Metric",""
"C19","100n","Capacitor_SMD:C_0603_1608Metric",""
"D1","NSI50010YT1G","Diode_SMD:D_SOD-123","C150049"
"D2","VLMKG3400","LED_SMD:LED_Avago_PLCC4_3.2x2.8mm_CW","C5224081"
"D3","NSI50010YT1G","Diode_SMD:D_SOD-123","C150049"
"D4","D_Schottky","Diode_SMD:D_SOD-323F","C50704"
"D5","LED","LED_THT:LED_D3.0mm",""
"D6","D_Schottky","Diode_SMD:D_SOD-323F","C50704"
"D7","D_Schottky","Diode_SMD:D_SOD-323F","C50704"
"D8","12V_Zener","Diode_SMD:D_SOD-323","C19077447"
"D9","12V_Zener","Diode_SMD:D_SOD-323","C19077447"
"D10","D","Diode_THT:D_5W_P5.08mm_Vertical_KathodeUp",""
"F1","Fuse","Fuse:Fuse_1206_3216Metric",""
"HS1","BPUE56-25","original:BPUE56",""
"IC1","ESP32-S2-DevKitM-1","original:ESP32S2DevKitM1",""
"IC2","NCP3020ADR2G","SamacSys_Parts:SOIC127P600X175-8N","C457728"
"IC3","TC74HC00AF_F_","SamacSys_Parts:SOIC127P780X190-14N","C5381644"
"IC4","L78M05CDT","SamacSys_Parts:TO225P972X240-3N","C55509"
"IC5","TC7W14FK","SamacSys_Parts:SOP50P310X90-8N","C5156512"
"J1","Conn_01x14_Socket","Connector_PinHeader_2.54mm:PinHeader_2x07_P2.54mm_Vertical",""
"J2","Conn_01x03_Socket","Connector_PinSocket_2.54mm:PinSocket_1x03_P2.54mm_Vertical",""
"J3","Conn_01x03_Socket","Connector_PinSocket_2.54mm:PinSocket_1x03_P2.54mm_Vertical",""
"J4","Conn_01x03_Socket","Connector_PinSocket_2.54mm:PinSocket_1x03_P2.54mm_Vertical",""
"J5","Conn_01x03_Socket","Connector_PinSocket_2.54mm:PinSocket_1x03_P2.54mm_Vertical",""
"J6","Conn_01x03_Socket","Connector_PinSocket_2.54mm:PinSocket_1x03_P2.54mm_Vertical",""
"J7","Conn_01x02_Socket","Connector_AMASS:AMASS_XT60-F_1x02_P7.20mm_Vertical",""
"J8","Conn_01x03_Socket","original:Connector_2510-3P",""
"J9","Conn_01x02_Socket","Connector_AMASS:AMASS_XT60-F_1x02_P7.20mm_Vertical",""
"J10","Conn_01x03_Socket","original:Connector_2510-3P",""
"J11","Conn_01x02_Socket","Connector_AMASS:AMASS_XT60-F_1x02_P7.20mm_Vertical",""
"J12","Conn_01x03_Socket","original:Connector_2510-3P",""
"J13","Conn_01x03_Socket","original:Connector_2510-3P",""
"J14","Conn_01x03_Socket","original:Connector_2510-3P",""
"J15","Conn_01x02_Socket","original:AMASS_XT90PW-M_1x02_P11.00mm_Horizontal",""
"J16","Conn_01x02_Socket","Connector_JST:JST_XH_B2B-XH-A_1x02_P2.50mm_Vertical",""
"K1","V23134J","original:V23134J1052D642",""
"L1","60B104C","original:60B104C_correct",""
"Q1","NTA7002NT1G","SamacSys_Parts:SOT50P160X90-3N"," C145524"
"Q2","IRFIZ24NPbF","Package_TO_SOT_THT:TO-220-3_Vertical"," C537925"
"Q3","2SA1162-GR_F_","Package_TO_SOT_SMD:SC-59","C155455"
"Q4","2SA1162-GR_F_","Package_TO_SOT_SMD:SC-59","C155455"
"Q5","2SA1162-GR_F_","Package_TO_SOT_SMD:SC-59","C155455"
"Q6","2SA1162-GR_F_","Package_TO_SOT_SMD:SC-59","C155455"
"Q7","2SA1162-GR_F_","Package_TO_SOT_SMD:SC-59","C155455"
"Q8","2SA1162-GR_F_","Package_TO_SOT_SMD:SC-59","C155455"
"Q9","2SC2712-GR_TE85L,F","SamacSys_Parts:SOT95P260X156-3N","C83447"
"Q10","2SC2712-GR_TE85L,F","SamacSys_Parts:SOT95P260X156-3N","C83447"
"Q11","2SC2712-GR_TE85L,F","SamacSys_Parts:SOT95P260X156-3N","C83447"
"Q12","IRFR014TRPBF-BE3","SamacSys_Parts:IRFR014TRPBFBE3","C3290995"
"Q13","2SC2712-GR_TE85L,F","SamacSys_Parts:SOT95P260X156-3N","C83447"
"Q14","2SC2712-GR_TE85L,F","SamacSys_Parts:SOT95P260X156-3N","C83447"
"Q15","IRFL014TRPBF","SamacSys_Parts:SOT230P700X180-4N","C428746"
"R1","330","Resistor_SMD:R_0603_1608Metric",""
"R2","18","Resistor_SMD:R_0603_1608Metric",""
"R3","1.6k","Resistor_SMD:R_0603_1608Metric",""
"R4","13k","Resistor_SMD:R_0603_1608Metric",""
"R5","4.7k","Resistor_SMD:R_0603_1608Metric",""
"R6","3k","Resistor_SMD:R_0603_1608Metric",""
"R7","56k","Resistor_SMD:R_0603_1608Metric",""
"R8","10k","Resistor_SMD:R_0603_1608Metric",""
"R9","56k","Resistor_SMD:R_0603_1608Metric",""
"R10","1k","Resistor_SMD:R_0603_1608Metric",""
"R11","16k","Resistor_SMD:R_0603_1608Metric",""
"R12","330","Resistor_SMD:R_0603_1608Metric",""
"R13","560","Resistor_SMD:R_0603_1608Metric",""
"R14","16k","Resistor_SMD:R_0603_1608Metric",""
"R15","330","Resistor_SMD:R_0603_1608Metric",""
"R16","560","Resistor_SMD:R_0603_1608Metric",""
"R17","16k","Resistor_SMD:R_0603_1608Metric",""
"R18","330","Resistor_SMD:R_0603_1608Metric",""
"R19","560","Resistor_SMD:R_0603_1608Metric",""
"R20","16k","Resistor_SMD:R_0603_1608Metric",""
"R21","330","Resistor_SMD:R_0603_1608Metric",""
"R22","560","Resistor_SMD:R_0603_1608Metric",""
"R23","16k","Resistor_SMD:R_0603_1608Metric",""
"R24","330","Resistor_SMD:R_0603_1608Metric",""
"R25","560","Resistor_SMD:R_0603_1608Metric",""
"R26","2.2k","Resistor_SMD:R_0603_1608Metric",""
"R27","2.2k","Resistor_SMD:R_0603_1608Metric",""
"R28","2.2k","Resistor_SMD:R_0603_1608Metric",""
"R29","2.2k","Resistor_SMD:R_0603_1608Metric",""
"R30","2.2k","Resistor_SMD:R_0603_1608Metric",""
"R31","2.2k","Resistor_SMD:R_0603_1608Metric",""
"R32","2.2k","Resistor_SMD:R_0603_1608Metric",""
"R33","2.2k","Resistor_SMD:R_0603_1608Metric",""
"R34","2.2k","Resistor_SMD:R_0603_1608Metric",""
"R35","2.2k","Resistor_SMD:R_0603_1608Metric",""
"R36","200k","Resistor_SMD:R_0603_1608Metric",""
"R37","2.2k","Resistor_SMD:R_0603_1608Metric",""
"R38","2.2k","Resistor_SMD:R_0603_1608Metric",""
"R39","2.2k","Resistor_SMD:R_0603_1608Metric",""
"R40","100k","Resistor_SMD:R_0603_1608Metric",""
"R41","470","Resistor_SMD:R_0603_1608Metric",""
"R42","470","Resistor_SMD:R_0603_1608Metric",""
"R43","100","Resistor_SMD:R_0603_1608Metric",""
"R44","2.2k","Resistor_SMD:R_0603_1608Metric",""
"R45","100k","Resistor_SMD:R_0603_1608Metric",""
"R46","430","Resistor_SMD:R_0603_1608Metric",""
"R47","390","Resistor_SMD:R_0603_1608Metric",""
"R48","4.3k","Resistor_SMD:R_0603_1608Metric",""
"R49","1.2k","Resistor_SMD:R_0603_1608Metric",""
"R50","3.3k","Resistor_SMD:R_0603_1608Metric",""
"R51","360","Resistor_SMD:R_0603_1608Metric",""
"R52","10k","Resistor_SMD:R_0603_1608Metric",""
"R53","2.2k","Resistor_SMD:R_0603_1608Metric",""
"R54","5.6k","Resistor_SMD:R_0603_1608Metric",""
"R55","1k","Resistor_SMD:R_0603_1608Metric",""
"R56","2.2k","Resistor_SMD:R_0603_1608Metric",""
"R57","1.3","Resistor_SMD:R_1206_3216Metric","C4048845"
"R58","10k","Resistor_SMD:R_0603_1608Metric",""
"R59","1.3k","Resistor_SMD:R_0603_1608Metric",""
"R60","300","Resistor_SMD:R_0603_1608Metric",""
"S1","SKRPACE010","SamacSys_Parts:SMT_4.2X3.2_",""
"U1","TSM3446CX6","SamacSys_Parts:SOT95P280X95-6N","C3290101"
"U2","TLP291","Package_SO:SOIC-4_4.55x2.6mm_P1.27mm","C5121290"
"U3","TLP291","Package_SO:SOIC-4_4.55x2.6mm_P1.27mm","C5121290"
"U4","TLP291","Package_SO:SOIC-4_4.55x2.6mm_P1.27mm","C5121290"
"U5","TLP291","Package_SO:SOIC-4_4.55x2.6mm_P1.27mm","C5121290"
"U6","TLP291","Package_SO:SOIC-4_4.55x2.6mm_P1.27mm","C5121290"
"U7","74LVC1G123","Package_SO:VSSOP-8_2.3x2mm_P0.5mm"," C77273"
"U8","TLP291","Package_SO:SOIC-4_4.55x2.6mm_P1.27mm","C5121290"
